Player,Pos,GP,G,A,+/-,PIM,S,TOI,BLK,HIT,FOW,FOL,ID
Justin Abdelkader,LW,49,0,3,-14,25,40,565,26,103,38,31,abdelju01
Pontus Aberg,LW,5,0,1,0,0,4,44,1,1,0,0,abergpo01
Vitaly Abramov,RW,2,1,0,0,2,3,12,0,0,0,0,abramvi01
Noel Acciari,C,66,20,7,2,21,108,1054,103,121,381,414,acciano01
Andrew Agozzino,LW,22,1,2,3,4,10,162,7,25,38,37,agozzan01
Sebastian Aho,F,68,38,28,10,26,206,1321,20,55,409,480,ahose01
Karl Alzner,D,4,0,0,-1,0,4,56,4,1,0,0,alzneka01
Michael Amadio,C,68,6,10,-11,10,99,885,22,21,233,249,amadimi01
Joey Anderson,RW,18,4,2,1,2,21,238,6,16,3,3,anderjo08
Josh Anderson,RW,26,1,3,-8,17,63,418,13,68,7,12,anderjo05
Michael Anderson,D,6,1,0,4,0,9,109,10,10,0,0,andermi02
Jaret Anderson-Dolan,C,4,0,0,-1,0,2,41,0,3,5,8,anderja01
Lias Andersson,C,17,0,1,-8,4,13,162,8,20,41,47,anderli01
Rasmus Andersson,D,70,5,17,-7,57,124,1396,83,51,0,0,anderra01
Andy Andreoff,LW,14,0,1,-3,2,14,119,4,20,4,4,andrean01
Anthony Angello,C,8,1,0,-1,4,5,46,5,13,0,1,angelan01
Artem Anisimov,C,49,15,5,-15,8,87,679,25,6,185,185,anisiar01
Mason Appleton,C,46,5,3,-9,20,55,513,12,20,5,8,applema01
Josh Archibald,RW,62,12,9,-8,12,64,820,44,165,0,2,archijo01
Joel Armia,RW,58,16,14,2,28,155,999,25,146,4,7,armiajo01
Viktor Arvidsson,LW,57,15,13,-4,26,127,924,24,27,11,8,arvidvi01
Rasmus Asplund,F,29,1,2,-4,6,36,314,7,20,49,65,asplura01
Zach Aston-Reese,C,57,6,7,6,28,98,822,30,136,7,16,astonza01
Andreas Athanasiou,C,55,11,15,-46,30,129,871,24,36,43,60,athanan01
Cam Atkinson,RW,44,12,14,2,6,148,785,21,18,27,30,atkinca01
Nicolas Aube-Kubel,RW,36,7,8,1,19,48,406,16,82,1,2,aubekni01
David Backes,C,22,1,5,-1,22,34,207,8,38,27,44,backeda01
Mikael Backlund,C,70,16,29,3,26,157,1256,11,44,368,410,backlmi01
Nicklas Backstrom,C,61,12,42,-1,14,132,1160,45,30,516,532,backsni02
Sven Baertschi,LW,6,0,2,-2,4,7,71,0,5,0,0,baertsv01
Josh Bailey,C,68,14,29,-12,10,94,1149,48,20,128,129,bailejo01
Justin Bailey,RW,2,0,0,0,0,1,11,0,4,0,0,baileju01
Rudolfs Balcers,LW,15,1,2,-2,0,23,182,7,19,0,2,balceru01
Ivan Barbashev,C,69,11,15,3,23,75,928,33,144,149,179,barbaiv01
Riley Barber,RW,9,0,0,-1,2,6,74,1,15,1,0,barberi01
Mark Barberio,D,21,0,2,3,16,29,296,19,13,0,0,barbema01
Cole Bardreau,F,10,1,1,-2,6,10,89,1,21,21,29,bardrco01
Aleksander Barkov,C,66,20,42,2,18,172,1321,35,21,653,550,barkoal01
Tyson Barrie,D,70,5,34,-7,16,169,1531,76,47,0,0,barrity01
Mathew Barzal,C,68,19,41,5,44,171,1363,43,22,228,320,barzama01
Drake Batherson,C,23,3,7,-12,13,32,358,11,51,4,3,bathedr01
Jay Beagle,RW,55,2,6,-9,38,49,691,42,69,401,277,beaglja01
Ethan Bear,D,71,5,16,-4,33,99,1560,106,59,0,0,bearet01
J.C. Beaudin,C,22,0,1,-4,7,18,190,11,51,62,56,beaudje01
Nicolas Beaudin,D,1,0,0,1,0,2,17,2,2,0,0,beaudni01
Nathan Beaulieu,D,38,1,7,15,29,38,646,47,62,0,0,beaulna01
Anthony Beauvillier,LW,68,18,21,-11,15,132,1174,36,86,9,4,beauvan01
Pierre-Edouard Bellemare,LW,69,9,13,2,17,85,926,46,43,419,371,bellepi01
Kieffer Bellows,LW,8,2,1,3,2,11,85,4,12,0,0,belloki01
Emil Bemstrom,C,56,10,10,-10,8,97,687,17,52,4,9,bemstem01
Jamie Benn,LW,69,19,20,-4,53,163,1134,57,167,244,193,bennja01
Jordie Benn,D,44,1,6,-7,17,58,717,62,45,0,0,bennjo01
Sam Bennett,C,52,8,4,-1,36,82,651,13,101,89,83,bennesa01
Matt Benning,D,43,1,7,8,15,38,569,34,78,0,0,bennima01
Tyler Benson,LW,7,0,1,-1,0,5,73,1,3,1,0,bensoty01
Patrice Bergeron,C,61,31,25,23,28,203,1143,46,46,758,553,bergepa01
Lean Bergmann,F,12,0,1,-6,4,11,99,5,29,0,2,bergmle01
Tyler Bertuzzi,LW,71,21,27,-23,40,129,1371,30,71,4,2,bertuty01
Alex Biega,D,49,0,3,-9,24,55,805,46,115,0,0,biegaal01
Jake Bischoff,D,4,0,0,-2,4,6,62,8,8,0,0,bischja01
Clark Bishop,C,5,0,1,-2,4,4,38,0,5,13,21,bishocl01
Anthony Bitetto,D,51,0,8,3,32,54,773,50,145,0,0,bitetan01
Anders Bjork,LW,58,9,10,5,10,66,750,21,43,2,4,bjorkan01
Oliver Bjorkstrand,RW,49,21,15,8,12,162,879,16,43,6,13,bjorkol01
Tobias Bjornfot,D,3,0,0,-4,0,0,39,0,0,0,0,bjornto01
Nick Bjugstad,C,13,1,1,3,8,18,159,7,19,38,58,bjugsni01
Colin Blackwell,C,27,3,7,7,10,31,296,23,43,37,29,blackco01
Sammy Blais,LW,40,6,7,-2,20,56,503,15,155,0,0,blaissa01
Joseph Blandisi,C,21,2,3,-3,10,12,172,9,26,33,48,blandjo01
Joachim Blichfeld,W,3,0,0,-2,2,3,38,4,3,0,0,blichjo01
Anton Blidh,LW,7,0,0,-1,0,9,81,5,20,0,1,blidhan01
Teddy Blueger,C,69,9,13,2,25,102,1091,35,83,402,489,bluegte01
Mikkel Boedker,RW,20,2,2,-1,0,29,194,5,12,1,3,boedkmi01
Brock Boeser,RW,57,16,29,4,14,169,1059,14,28,11,19,boesebr01
Zach Bogosian,D,27,1,6,0,22,29,449,27,30,0,0,bogosza01
Nick Bonino,C,67,18,17,17,16,104,1107,89,17,488,440,boninni01
Adam Boqvist,D,41,4,9,-3,6,50,665,43,33,0,0,boqviad01
Jesper Boqvist,C,35,4,0,-11,8,41,383,16,37,5,11,boqvije01
Henrik Borgstrom,C,4,0,0,-2,2,3,50,0,1,13,14,borgshe01
Mark Borowiecki,D,53,7,11,1,58,63,951,120,199,0,0,borowma01
Robert Bortuzzo,D,42,2,4,12,21,36,551,43,66,0,0,borturo01
Gabriel Bourque,LW,52,2,4,-1,7,33,447,40,125,2,3,bourqga01
Jay Bouwmeester,D,56,1,8,6,20,53,1208,68,42,0,0,bouwmja01
Madison Bowey,D,53,3,14,-16,34,70,949,58,53,0,0,boweyma01
Johnny Boychuk,D,64,2,9,-11,14,96,1106,128,135,0,0,boychjo01
Travis Boyd,C,24,3,7,9,2,26,282,9,14,50,69,boydtr01
Brian Boyle,C,39,6,9,-5,17,56,483,34,65,197,179,boylebr01
Tyler Bozak,C,67,13,16,0,10,109,1026,33,32,363,297,bozakty01
Erik Brannstrom,D,31,0,4,-9,16,38,460,36,15,0,0,branner01
Derick Brassard,C,66,10,22,-2,16,110,904,24,115,197,160,brassde01
Jesper Bratt,W,60,16,16,-6,6,101,839,22,29,3,10,brattje01
Justin Braun,D,62,3,16,-2,18,70,1071,84,91,0,0,braunju01
T.J. Brodie,D,64,4,15,7,36,65,1309,87,20,0,0,broditj01
Jonas Brodin,D,69,2,26,15,24,103,1487,112,41,0,0,brodijo01
Jonny Brodzinski,C,3,0,1,0,0,5,22,0,3,0,1,brodzjo01
Adam Brooks,C,7,0,3,1,0,2,55,1,0,5,5,brookad01
Troy Brouwer,RW,13,1,0,1,7,12,123,6,24,1,1,brouwtr01
Connor Brown,RW,71,16,27,-6,24,173,1428,35,39,29,39,brownco02
Dustin Brown,RW,66,17,18,-1,22,169,1215,15,143,7,9,browndu01
Josh Brown,D,56,3,5,1,39,48,751,53,77,0,0,brownjo01
Logan Brown,C,23,1,7,0,4,23,270,11,13,55,79,brownlo01
Patrick Brown,C,1,1,0,0,0,2,10,0,6,0,0,brownpa02
Pavel Buchnevich,LW,68,16,30,2,24,148,1151,22,80,4,19,buchnpa01
Connor Bunnaman,F,21,1,1,7,2,18,195,2,29,36,60,bunnaco01
Andre Burakovsky,LW,58,20,25,11,22,103,882,34,26,5,9,burakan01
Brent Burns,D,70,12,33,-22,34,225,1779,115,72,0,0,burnsbr01
Will Butcher,D,56,4,17,-8,6,62,1003,75,31,0,0,butchwi01
Paul Byron,C,29,4,6,5,4,29,415,18,42,1,5,byronpa01
Nicholas Caamano,RW,12,1,1,2,4,13,120,3,17,1,1,caamani01
Drake Caggiula,LW,40,9,6,-3,32,56,473,16,81,4,10,caggidr01
Matt Calvert,LW,50,12,13,13,39,89,705,22,58,12,14,calvema01
Kyle Capobianco,D,9,1,0,-1,2,10,133,10,14,0,0,capobky01
Paul Carey,C,1,0,0,-1,0,0,6,1,0,0,0,careypa01
Brandon Carlo,D,67,4,15,16,33,111,1372,76,126,0,0,carlobr01
John Carlson,D,69,15,60,12,26,189,1700,108,55,0,1,carlsjo01
Gabriel Carlsson,D,6,0,0,-1,2,3,65,0,5,0,0,carlsga01
Lucas Carlsson,D,6,0,1,3,0,3,85,6,11,0,0,carlslu01
Ryan Carpenter,C,69,3,12,-6,28,80,971,48,117,263,347,carpery01
Daniel Carr,LW,11,1,0,-5,4,14,114,2,10,0,1,carrda01
Connor Carrick,D,29,1,5,-6,17,25,418,39,27,0,0,carrico01
Sam Carrick,C,9,1,1,-3,0,16,124,8,13,33,39,carrisa01
Trevor Carrick,D,3,0,0,0,5,1,17,0,1,0,0,carritr01
Alexandre Carrier,D,3,0,0,2,2,4,32,0,3,0,0,carrial01
William Carrier,LW,71,7,12,0,39,99,701,11,213,9,5,carriwi01
Jeff Carter,C,60,17,10,-21,36,182,1016,23,66,382,364,carteje01
Colby Cave,C,11,1,0,-3,4,5,106,3,17,36,41,caveco01
Cody Ceci,D,56,1,7,7,20,48,1150,79,92,0,0,cecico01
Peter Cehlarik,LW,3,0,1,-1,2,0,34,2,2,1,1,cehlape01
Erik Cernak,D,67,5,7,11,59,125,1270,97,172,0,0,cernaer01
Thomas Chabot,D,71,6,33,-18,42,186,1846,85,79,0,0,chaboth01
Michael Chaput,C,2,0,0,-2,2,2,20,2,3,7,6,chapumi01
Zdeno Chara,D,68,5,9,26,60,86,1429,101,78,0,0,charazd01
Ben Chiarot,D,69,9,12,5,61,130,1596,128,152,0,0,chiarbe01
Alex Chiasson,RW,65,11,13,-3,42,97,853,15,56,0,4,chiasal01
Andrei Chibisov,F,2,0,0,0,0,1,15,1,1,0,0,chibian01
Filip Chlapik,C,31,3,3,-7,10,27,272,11,71,12,19,chlapfi01
Dennis Cholowski,D,36,2,6,-26,6,51,692,35,15,0,0,cholode01
Jakob Chychrun,D,63,12,14,4,38,149,1413,95,75,0,0,chychja01
Filip Chytil,C,60,14,9,-7,10,114,890,31,13,198,317,chytifi01
Anthony Cirelli,C,68,16,28,28,30,113,1255,47,89,434,480,cirelan01
Casey Cizikas,C,48,10,4,12,41,67,686,39,133,368,320,cizikca01
Fredrik Claesson,D,5,1,1,1,0,1,72,7,5,0,0,claesfr01
Kale Clague,D,4,0,0,-3,2,2,58,4,1,0,0,claguka01
Kyle Clifford,LW,69,7,10,-7,68,110,772,15,133,6,4,cliffky01
Connor Clifton,D,31,2,0,4,12,20,447,33,90,0,0,cliftco01
Cal Clutterbuck,RW,37,3,4,6,22,35,497,38,127,4,5,cluttca01
Braydon Coburn,D,40,1,3,5,16,44,562,28,59,0,0,coburbr01
Andrew Cogliano,LW,68,3,11,2,30,68,848,31,86,17,20,coglian01
Ian Cole,D,65,4,22,21,36,92,1150,122,83,0,0,coleia01
Blake Coleman,C,66,21,11,0,56,200,1103,46,191,47,102,colembl01
Blake Comeau,RW,55,8,8,-6,36,74,822,24,107,42,54,comeabl01
J.T. Compher,LW,67,11,20,9,18,106,1122,60,36,341,374,comphj.01
Max Comtois,LW,29,5,6,-4,24,32,405,8,61,3,13,comtoma01
Cory Conacher,LW,4,0,1,-2,4,5,44,1,3,0,0,conacco01
Kevin Connauton,D,4,0,0,-2,0,4,62,6,6,0,0,connake01
Brett Connolly,RW,69,19,14,-3,26,117,1000,17,56,6,11,connobr01
Kyle Connor,LW,71,38,35,4,34,239,1497,17,18,2,11,connoky01
Andrew Copp,C,63,10,16,-3,10,121,1115,27,59,310,275,coppan01
Nick Cousins,C,65,10,15,0,35,115,878,31,91,35,38,cousini01
Logan Couture,C,52,16,23,0,18,126,963,45,54,195,248,coutulo01
Sean Couturier,C,69,22,37,21,30,185,1368,26,60,543,367,coutuse01
Charlie Coyle,C,70,16,21,9,21,145,1175,34,83,326,373,coylech01
Sidney Crosby,C,41,16,31,-8,15,109,831,17,28,494,394,crosbsi01
Lawson Crouse,LW,66,15,10,0,33,109,896,29,201,24,23,crousla01
Austin Czarnik,C,8,2,1,1,0,9,82,2,1,2,4,czarnau01
Kirby Dach,C,64,8,15,-1,24,101,913,23,33,75,147,dachki01
Evgenii Dadonov,RW,69,25,22,-7,10,167,1180,24,29,0,0,dadonev01
Rasmus Dahlin,D,59,4,36,-7,38,90,1138,51,72,0,0,dahlira01
Carl Dahlstrom,D,15,0,1,-4,6,9,221,13,5,0,0,dahlsca01
Michael Dal Colle,LW,53,4,6,-8,12,59,625,21,81,5,2,dalcomi01
Trevor Daley,D,43,0,7,-22,20,37,673,44,9,0,0,daleytr01
Phillip Danault,LW,71,13,34,18,32,131,1338,37,119,728,608,danauph01
Marko Da≈ào,C,3,0,0,-1,2,2,22,3,5,0,0,danoma01
Brandon Davidson,D,12,0,0,-3,0,17,150,20,24,0,0,davidbr01
Jonathan Davidsson,RW,6,0,1,0,0,3,33,1,5,0,0,davidjo03
Calvin de Haan,D,29,1,5,10,10,42,577,73,93,0,0,dehaaca01
Jacob de La Rose,LW,50,2,7,2,10,46,536,16,120,118,156,delarja01
Chase De Leo,C,1,0,0,0,0,1,15,0,1,0,1,deleoch01
Jean-Sebastien Dea,C,3,0,0,0,0,0,23,0,3,1,1,deaje01
Anthony DeAngelo,D,68,15,38,12,47,149,1312,57,48,0,0,deangan01
Alex DeBrincat,RW,70,18,27,-10,15,207,1225,19,58,7,13,debrial01
Jake DeBrusk,LW,65,19,16,-1,14,161,1043,15,35,9,17,debruja01
Danny DeKeyser,D,8,0,4,0,4,12,176,18,6,0,0,dekeyda01
Michael Del Zotto,D,49,2,13,5,14,57,917,55,101,0,0,delzomi01
Dylan DeMelo,D,59,0,10,4,37,74,1188,77,105,0,0,demeldy01
Jason Demers,D,50,0,11,5,25,53,1025,70,76,0,0,demerja01
Travis Dermott,D,56,4,7,14,37,65,969,58,76,0,0,dermotr01
Nicolas Deslauriers,LW,59,7,6,-1,92,64,577,32,137,0,0,deslani01
Phillip Di Giuseppe,LW,20,1,3,1,2,35,226,20,38,0,2,digiuph01
Thomas Di Pauli,C,2,0,0,-3,10,2,12,1,4,0,0,dipauth01
Jason Dickinson,C,65,9,12,7,6,85,973,55,89,196,251,dickija01
Brenden Dillon,D,69,1,13,-2,104,58,1343,74,194,0,0,dillobr01
Christian Djoos,D,11,1,2,3,0,13,210,12,2,0,0,djoosch01
Noah Dobson,D,34,1,6,-1,8,37,451,31,25,0,0,dobsono01
Max Domi,LW,71,17,27,-3,35,179,1214,13,32,385,403,domima01
Ryan Donato,C,62,14,9,5,12,95,659,14,53,40,62,donatry01
Joonas Donskoi,RW,65,16,17,2,26,111,1056,38,25,9,12,donskjo01
Drew Doughty,D,67,7,28,-16,36,141,1730,87,106,0,0,doughdr01
Nic Dowd,C,56,7,8,11,28,52,607,26,117,274,277,dowdni01
Justin Dowling,C,29,3,3,-3,8,29,318,12,25,42,54,dowliju01
Leon Draisaitl,C,71,43,67,-7,18,218,1605,19,27,662,608,draisle01
Sheldon Dries,C,5,0,0,-2,0,2,34,2,16,4,2,driessh01
Jonathan Drouin,LW,27,7,8,-6,14,51,424,5,25,4,8,drouijo01
Dillon Dube,C,45,6,10,0,6,60,571,13,59,0,2,dubedi01
Pierre-Luc Dubois,LW,70,18,31,-2,49,158,1255,50,85,359,446,duboipi01
Matt Duchene,C,66,13,29,-4,24,136,1114,22,40,390,305,duchema01
Anthony Duclair,LW,66,23,17,-5,18,184,1073,39,53,3,3,duclaan01
Mathew Dumba,D,69,6,18,-7,41,167,1552,88,98,0,0,dumbama01
Gabriel Dumont,C,3,0,0,-1,0,3,35,2,9,6,9,dumonga01
Brian Dumoulin,D,28,1,7,17,10,35,590,35,44,0,0,dumoubr01
Vince Dunn,D,71,9,14,15,27,138,1155,47,50,0,0,dunnvi02
Christian Dvorak,C,70,18,20,6,12,134,1169,36,39,523,426,dvorach01
Ryan Dzingel,C,64,8,21,3,30,98,906,25,36,9,20,dzingry01
Cody Eakin,C,49,5,10,-3,16,61,714,16,49,311,330,eakinco01
Jordan Eberle,RW,58,16,24,1,12,136,1033,39,37,3,6,eberljo01
Alexander Edler,D,59,5,28,13,62,118,1334,162,108,0,0,edleral01
Joel Edmundson,D,68,7,13,7,72,97,1255,91,118,0,0,edmunjo01
Nikolaj Ehlers,LW,71,25,33,14,30,203,1173,28,36,0,2,ehlerni01
Christoffer Ehn,C,54,2,2,-21,2,36,562,18,59,96,130,ehnch01
Jack Eichel,C,68,36,42,5,34,227,1503,42,40,615,696,eicheja01
Aaron Ekblad,D,67,5,36,12,26,147,1539,84,34,0,0,ekblaaa01
Mattias Ekholm,D,68,8,25,-1,32,154,1589,100,49,0,0,ekholma01
Oliver Ekman-Larsson,D,66,9,21,-3,38,135,1519,65,129,0,0,ekmanol01
Lars Eller,C,69,16,23,3,48,151,1174,44,59,536,497,ellerla01
Ryan Ellis,D,49,8,30,16,19,114,1152,96,48,0,0,ellisry01
Deryk Engelland,D,49,1,5,6,37,59,860,86,114,0,0,engelde01
Andreas Englund,D,24,0,3,-8,12,10,262,16,58,0,0,engluan01
Pierre Engvall,LW,48,8,7,4,6,72,573,10,29,41,64,engvapi01
Tyler Ennis,C,70,16,21,-6,20,159,1030,26,96,7,8,ennisty01
Jonathan Ericsson,D,18,0,0,-12,4,16,256,14,24,0,0,ericsjo01
Loui Eriksson,LW,49,6,7,-2,12,59,606,15,10,2,0,erikslo01
Joel Eriksson Ek,C,62,8,21,7,22,102,974,43,93,367,428,eriksjo02
Adam Erne,LW,56,2,3,-24,28,63,662,25,142,20,13,ernead01
Jake Evans,C,13,2,1,1,0,14,135,5,16,29,27,evansja02
Robby Fabbri,C,61,15,17,-33,20,111,985,14,75,27,40,fabbrro01
Dante Fabbro,D,64,5,6,-7,38,92,1218,85,54,0,0,fabbrda01
Radek Faksa,C,66,11,9,-6,42,109,1049,44,84,404,407,faksara01
Oscar Fantenberg,D,36,1,5,-10,6,45,573,62,67,0,0,fanteos01
Joel Farabee,LW,52,8,13,6,39,81,733,18,31,3,7,farabjo01
Jesper Fast,RW,69,12,17,16,20,84,1146,53,125,9,17,fastje01
Justin Faulk,D,69,5,11,-3,32,147,1419,76,82,0,0,faulkju01
Taylor Fedun,D,27,2,7,3,8,40,371,19,16,0,0,fedunta01
Martin Fehervary,D,6,0,1,-2,6,7,96,2,14,0,0,feherma01
Micheal Ferland,LW,14,1,4,-3,7,15,137,2,40,2,0,ferlami01
Mario Ferraro,D,61,2,9,-15,30,63,969,58,120,0,0,ferrama01
Kevin Fiala,LW,64,23,31,-1,42,175,986,18,25,2,7,fialake01
Valtteri Filppula,C,70,6,15,-42,24,63,1163,31,28,324,398,filppva01
Christian Fischer,RW,56,6,3,2,16,83,617,22,140,3,8,fischch01
Cale Fleury,D,41,1,0,-4,6,45,588,45,102,0,0,fleurca01
Haydn Fleury,D,45,4,10,-2,8,65,615,45,48,0,0,fleurha01
Warren Foegele,LW,68,13,17,9,34,129,932,17,64,18,21,foegewa01
Steven Fogarty,C,7,0,0,-1,0,2,41,4,4,6,3,fogarst01
Marcus Foligno,LW,59,11,14,8,30,86,861,36,184,9,15,foligma01
Nick Foligno,LW,67,10,21,-3,62,131,1251,50,212,159,160,foligni01
Christian Folin,D,16,1,1,-1,13,13,231,21,38,0,0,folinch01
Derek Forbort,D,20,0,1,-5,4,22,356,30,35,0,0,forbode01
Filip Forsberg,C,63,21,27,-7,29,198,1093,27,82,1,2,forsbfi01
Liam Foudy,C,2,0,1,1,0,3,28,0,3,0,0,foudyli01
Cam Fowler,D,59,9,20,0,20,117,1297,58,25,0,0,fowleca01
Adam Fox,D,70,8,34,22,32,125,1323,92,35,0,0,foxad01
Trent Frederic,C,2,0,0,-1,0,1,13,0,8,0,0,fredetr01
Mark Friedman,D,6,0,1,0,2,2,82,5,8,0,0,friedma01
Martin Frk,RW,17,6,2,-1,4,26,235,3,14,0,0,frkma01
Michael Frolik,LW,57,6,8,-12,28,70,709,22,32,6,15,frolimi01
Morgan Frost,C,20,2,5,-3,4,31,274,4,4,44,49,frostmo01
Sam Gagner,C,42,6,7,-10,12,79,561,10,22,45,57,gagnesa01
Alex Galchenyuk,C,59,8,16,-5,16,86,726,17,52,67,64,galchal01
Brendan Gallagher,RW,59,22,21,9,29,226,998,29,53,12,17,gallabr01
Dylan Gambrell,C,50,5,6,-8,17,43,598,29,40,170,200,gambrdy01
Jake Gardiner,D,68,4,20,-24,30,87,1133,42,43,0,0,gardija01
Rhett Gardner,C,8,0,0,0,2,8,81,2,8,25,28,gardnrh01
Conor Garland,RW,68,22,17,1,20,158,962,20,26,4,7,garlaco01
Adam Gaudette,C,59,12,21,-7,37,75,731,20,29,187,267,gaudead01
Johnny Gaudreau,LW,70,18,40,-10,12,209,1315,11,1,1,3,gaudrjo01
Brendan Gaunce,C,1,0,1,1,2,0,9,0,2,0,1,gauncbr01
Cameron Gaunce,D,3,1,3,2,4,5,36,2,5,0,0,gauncca01
Frederik Gauthier,C,61,7,5,-4,10,42,573,23,66,208,172,gauthfr01
Julien Gauthier,RW,17,0,3,1,8,10,141,7,15,1,2,gauthju01
Vladislav Gavrikov,D,69,5,13,1,18,81,1310,92,79,0,0,gavrivl01
Morgan Geekie,C,2,3,1,3,2,4,24,4,1,12,10,geekimo01
Nathan Gerbe,C,30,4,6,-7,22,55,413,8,46,6,6,gerbena01
Timothy Gettinger,LW,2,0,1,1,0,3,17,1,5,0,2,gettiti01
Ryan Getzlaf,C,69,13,29,-16,58,143,1292,69,125,530,504,getzlry01
Brian Gibbons,C,15,0,0,-7,4,9,146,9,7,0,0,gibbobr02
Dennis Gilbert,D,21,1,2,-8,38,12,330,33,74,0,0,gilbede01
John Gilmour,D,4,0,0,-2,0,5,68,3,3,0,0,gilmojo01
Mark Giordano,D,60,5,26,2,34,157,1433,148,42,0,0,giordma01
Samuel Girard,D,70,4,30,1,17,96,1492,92,46,0,0,girarsa01
Zemgus Girgensons,C,69,12,7,-1,10,85,952,20,110,30,43,girgeze01
Claude Giroux,C,69,21,32,7,28,197,1310,16,45,663,460,giroucl01
Cody Glass,C,39,5,7,-7,6,51,521,6,15,60,83,glassco01
Luke Glendening,C,60,6,3,-29,14,76,921,68,147,393,307,glendlu01
Nikolay Goldobin,LW,1,0,0,0,0,0,9,0,1,0,0,goldoni01
Alex Goligoski,D,70,4,28,8,24,101,1614,134,91,0,0,goligal01
Cody Goloubef,D,26,1,1,-3,8,18,395,24,45,0,0,golouco01
Barclay Goodrow,RW,70,8,18,-8,97,102,1115,66,162,393,406,goodrba01
Shayne Gostisbehere,D,42,5,7,-4,20,73,768,37,14,0,0,gostish01
Yanni Gourde,C,70,10,20,-5,49,110,985,20,78,93,79,gourdya01
Michael Grabner,RW,46,8,3,-4,6,61,569,12,21,0,4,grabnmi01
Markus Granlund,C,34,3,1,-1,14,26,368,18,15,25,32,granlma01
Mikael Granlund,C,63,17,13,-4,28,130,1122,55,42,73,77,granlmi01
Derek Grant,C,56,15,10,1,30,94,779,25,54,358,336,grantde01
Tyler Graovac,C,8,2,0,-2,2,5,50,3,6,8,14,graovty01
Kevin Gravel,D,3,0,0,0,0,2,33,3,2,0,0,graveke01
Ryan Graves,D,69,9,17,40,45,134,1307,150,112,0,0,gravery01
Mike Green,D,50,3,8,-34,32,76,1044,66,61,0,0,greenmi03
Andy Greene,D,63,2,12,1,16,60,1231,155,30,0,0,greenan01
Jordan Greenway,LW,67,8,20,2,54,93,949,44,95,15,12,greenjo02
Noah Gregor,C,28,3,2,-5,8,33,282,6,50,6,13,gregono01
Rocco Grimaldi,C,66,10,21,10,10,122,835,14,23,1,5,grimaro01
Jordan Gross,D,2,0,1,2,0,3,32,1,0,0,0,grossjo01
Carl Grundstrom,RW,13,0,4,2,8,16,166,4,29,0,0,grundca01
Matt Grzelcyk,D,68,4,17,15,34,112,1228,67,56,0,0,grzelma01
Radko Gudas,D,63,2,13,15,40,90,1054,75,164,0,0,gudasra01
Erik Gudbranson,D,51,4,5,0,95,78,988,58,89,0,0,gudbrer01
Jake Guentzel,C,39,20,23,11,14,127,805,19,46,22,24,guentja01
Brendan Guhle,D,30,4,4,-2,10,39,512,43,21,0,0,guhlebr01
Carl Gunnarsson,D,36,2,5,8,16,31,568,51,27,0,0,gunnaca01
Denis Gurianov,RW,64,20,9,5,13,132,831,18,63,0,0,guriade01
Nikita Gusev,LW,66,13,31,-15,12,158,970,7,12,1,2,gusevni01
David Gustafsson,C,22,1,0,-2,0,4,135,6,5,34,29,gustada01
Erik Gustafsson,D,66,6,23,-9,27,103,1345,58,86,0,0,gustaer02
Gaetan Haas,F,58,5,5,-1,6,54,562,28,58,172,236,haasga01
Brandon Hagel,LW,1,0,0,0,0,4,12,1,1,0,0,hagelbr01
Carl Hagelin,LW,58,8,17,12,16,107,831,19,24,13,15,hagelca01
Robert Hagg,D,49,3,10,14,30,38,764,79,136,0,0,haggro01
Nicolas Hague,D,38,1,10,0,32,54,611,26,69,0,0,hagueni01
Ron Hainsey,D,64,1,11,10,12,43,1324,102,51,0,0,hainsro01
Libor Hajek,D,28,0,5,-4,12,23,448,44,24,0,0,hajekli01
Jani Hakanpaa,D,5,1,0,1,2,4,91,7,15,0,0,hakanja01
Micheal Haley,C,22,1,0,-7,50,9,122,6,36,7,5,haleymi01
Taylor Hall,LW,65,16,36,-14,34,232,1246,29,47,20,31,hallta02
Dan Hamhuis,D,60,0,8,6,35,44,871,53,64,0,0,hamhuda01
Dougie Hamilton,D,47,14,26,30,32,170,1094,63,52,0,0,hamildo01
Travis Hamonic,D,50,3,9,-3,27,83,1060,110,39,0,0,hamontr01
Noah Hanifin,D,70,5,17,-12,12,132,1482,89,82,0,0,hanifno01
Joel Hanley,D,8,0,2,0,6,4,91,8,3,0,0,hanlejo01
Jansen Harkins,C,29,2,5,-2,5,29,308,10,8,0,5,harkija01
Scott Harrington,D,39,1,7,-3,16,37,544,48,46,0,0,harrisc01
Ryan Hartman,RW,69,9,11,4,69,114,846,54,44,83,69,hartmry01
Garnet Hathaway,RW,66,9,7,6,79,80,711,46,189,9,20,hathaga01
Erik Haula,LW,48,12,12,1,22,92,760,15,27,381,323,haulaer01
Jayce Hawryluk,C,26,3,7,1,16,26,288,9,65,4,8,hawryja01
John Hayden,C,43,3,1,-2,77,39,418,27,87,4,15,haydejo01
Kevin Hayes,RW,69,23,18,-6,34,175,1223,22,88,415,411,hayeske01
Barrett Hayton,C,20,1,3,2,14,27,223,3,14,23,38,haytoba01
Victor Hedman,D,66,11,44,27,31,155,1588,98,73,0,0,hedmavi01
Tim Heed,D,38,1,4,-10,2,44,494,30,16,0,1,heedti01
Danton Heinen,C,67,10,16,-2,10,109,969,34,35,5,8,heineda01
Ville Heinola,D,8,1,4,3,4,10,145,5,3,0,0,heinovi01
Miro Heiskanen,D,68,8,27,14,12,163,1616,84,40,0,0,heiskmi01
Darren Helm,C,68,9,7,-6,37,102,934,26,88,15,13,helmda01
Adam Henrique,C,71,26,17,-3,22,169,1198,32,75,512,419,henriad01
Tomas Hertl,C,48,16,20,-18,16,117,885,25,29,433,357,hertlto01
Joe Hicketts,D,6,0,2,-5,2,6,110,13,14,0,0,hickejo01
Matthew Highmore,LW,36,2,4,-1,6,35,353,9,38,1,3,highmma01
Vinnie Hinostroza,C,68,5,17,1,14,132,891,26,51,26,35,hinosvi01
Roope Hintz,LW,60,19,14,3,16,120,885,28,73,172,173,hintzro01
Taro Hirose,LW,26,2,5,-12,6,21,326,16,13,0,5,hirosta01
Nico Hischier,C,58,14,22,-16,12,123,1048,37,48,507,473,hischni01
Niklas Hjalmarsson,D,27,1,4,-2,14,18,507,45,20,0,0,hjalmni01
Mike Hoffman,C,69,29,30,-5,28,214,1162,22,33,7,8,hoffmmi02
Nick Holden,D,61,6,8,-1,13,101,1150,74,129,0,0,holdeni01
Justin Holl,D,68,2,16,13,43,89,1259,83,89,0,0,hollju01
Korbinian Holzer,D,49,1,3,-2,37,39,786,96,97,0,0,holzeko01
Patric Hornqvist,RW,52,17,15,9,36,168,828,41,107,2,4,hornqpa01
Bo Horvat,C,69,22,31,-15,21,178,1362,66,55,850,633,horvabo01
Brett Howden,C,70,9,10,-11,28,64,920,67,69,251,270,howdebr01
Filip Hronek,D,65,9,22,-38,46,125,1553,74,105,0,0,hronefi01
Jonathan Huberdeau,LW,69,23,55,5,30,152,1295,26,51,24,37,huberjo01
Charles Hudon,LW,15,1,1,-9,0,22,173,2,25,1,3,hudonch01
Cameron Hughes,C,1,0,0,-1,0,0,10,2,1,0,0,hugheca01
Jack Hughes,C,61,7,14,-26,10,123,968,21,12,167,295,hugheja03
Quinn Hughes,D,68,8,45,-10,22,126,1488,46,7,0,0,hughequ01
Brad Hunt,D,59,8,11,-7,6,106,893,39,12,0,0,huntbr01
Dryden Hunt,LW,21,0,4,0,24,33,220,7,37,0,0,huntdr01
Ben Hutton,D,65,4,12,5,14,114,1187,76,51,0,0,huttobe01
Zach Hyman,C,51,21,16,13,23,106,974,23,52,70,90,hymanza01
Alex Iafallo,C,70,17,26,1,14,142,1325,47,49,11,12,iafalal01
Matt Irwin,D,36,0,3,-15,15,58,521,54,80,0,0,irwinma01
Joshua Jacobs,D,2,0,0,1,2,3,33,4,3,0,0,jacobjo01
Mark Jankowski,C,56,5,2,-12,14,38,621,33,14,191,235,jankoma01
Mattias Janmark,C,62,6,15,-5,12,86,906,37,22,30,39,janmama02
Calle Jarnkrok,C,64,15,19,4,14,136,1020,27,28,33,37,jarnkca01
Christian Jaros,D,13,0,3,-2,6,5,137,12,14,0,0,jarosch01
Boone Jenner,C,70,11,13,-14,36,179,1268,80,109,644,523,jennebo01
Nick Jensen,D,68,0,8,1,13,61,1212,71,59,0,0,jenseni02
Ryan Johansen,C,68,14,22,-5,45,101,1160,34,39,549,483,johanry01
Marcus Johansson,C,60,9,21,-12,20,87,1029,22,39,197,294,johanma03
Stephen Johns,D,17,2,3,0,10,30,300,20,50,0,0,johnsst03
Adam Johnson,C,7,1,1,-1,2,5,47,3,4,0,0,johnsad01
Erik Johnson,D,59,3,13,9,20,99,1242,115,97,0,0,johnser01
Jack Johnson,D,67,3,8,-1,26,63,1304,97,183,0,0,johnsja02
Luke Johnson,C,3,0,0,-3,0,1,35,0,6,16,16,johnslu01
Tyler Johnson,C,65,14,17,9,16,113,945,22,62,173,180,johnsty01
Andreas Johnsson,LW,43,8,13,0,14,78,677,21,43,0,2,johnsan01
Ross Johnston,LW,32,3,1,1,78,16,256,14,93,1,0,johnsro02
Henri Jokiharju,D,69,4,11,-6,32,78,1188,63,74,0,0,jokihhe01
Caleb Jones,D,43,4,5,-1,10,38,608,46,33,0,0,jonesca01
Max Jones,LW,59,8,4,-6,36,102,842,18,82,11,16,jonesma03
Seth Jones,D,56,6,24,10,20,126,1416,123,62,0,0,jonesse01
Mathieu Joseph,RW,37,4,3,-2,16,35,426,10,47,4,10,josepma01
Roman Josi,D,69,16,49,22,41,260,1779,108,52,0,0,josiro01
Tyson Jost,C,67,8,15,11,22,115,855,18,58,85,170,jostty01
Tomas Jurco,RW,12,0,2,1,4,7,120,3,4,2,2,jurcoto01
Nazem Kadri,C,51,19,17,7,97,133,889,9,61,407,310,kadrina01
Dominik Kahun,C,56,12,19,8,8,87,744,22,5,29,31,kahundo01
Kaapo Kakko,RW,66,10,13,-26,14,109,942,11,20,2,4,kakkoka01
Vladislav Kamenev,LW,38,1,7,-2,8,32,341,16,34,57,50,kamenvl01
David Kampf,C,70,8,8,-11,8,90,957,26,52,313,285,kampfda01
Steven Kampfer,D,10,0,2,2,2,13,136,8,15,0,0,kampfst01
Evander Kane,LW,64,26,21,-12,122,216,1250,25,135,106,95,kaneev01
Patrick Kane,RW,70,33,51,8,40,275,1494,19,24,1,3,kanepa01
Kasperi Kapanen,RW,69,13,23,0,22,121,1090,17,73,2,13,kapanka01
Erik Karlsson,D,56,6,34,-15,16,120,1373,74,26,0,0,karlser01
Melker Karlsson,C,61,6,6,-7,20,56,748,39,38,14,17,karlsme01
William Karlsson,C,63,15,31,11,16,138,1189,38,40,491,455,karlswi01
David Kase,RW,6,1,0,1,0,5,59,1,4,1,0,kaseda01
Ondrej Kase,RW,55,7,17,-7,14,144,910,17,13,6,23,kaseon01
Zack Kassian,RW,59,15,19,0,69,99,924,8,157,1,2,kassiza01
Martin Kaut,RW,9,2,1,-1,2,13,91,0,9,1,0,kautma01
Duncan Keith,D,61,3,24,1,18,111,1488,117,26,0,0,keithdu01
Clayton Keller,C,70,17,27,-6,28,184,1141,13,20,8,13,kellecl01
Joel Kellman,F,31,3,4,-1,4,31,359,18,28,112,126,kellmjo01
Adrian Kempe,LW,69,11,21,-10,29,148,1105,17,71,92,131,kempead01
Michal Kempny,D,58,3,15,19,22,73,1081,72,42,0,0,kempnmi01
Alexander Kerfoot,C,65,9,19,-2,32,88,960,41,48,191,216,kerfoal01
Phil Kessel,RW,70,14,24,-21,22,153,1200,20,11,2,7,kesseph01
Jujhar Khaira,LW,64,6,4,-19,38,69,802,30,136,34,32,khairju01
Alex Killorn,C,68,26,23,19,20,130,1219,15,59,5,14,killoal01
Joel Kiviranta,F,11,1,0,-1,4,13,117,3,17,0,0,kivirjo01
Oscar Klefbom,D,62,5,29,-17,24,159,1576,180,45,0,0,klefbos01
John Klingberg,D,58,6,26,-10,22,120,1286,72,29,0,0,klingjo01
Nikolai Knyzhov,D,3,0,0,-1,2,0,32,4,4,0,0,knyzhni01
Slater Koekkoek,D,42,1,9,3,42,47,704,58,64,0,0,koekksl01
Mikko Koivu,C,55,4,17,2,28,74,856,33,25,431,380,koivumi01
Otto Koivula,LW,12,0,0,0,2,4,95,4,12,24,41,koivuot01
Keegan Kolesar,RW,1,0,0,0,0,1,12,0,2,1,0,koleske01
Leo Komarov,C,48,4,10,2,10,46,605,29,123,34,52,komarle01
Travis Konecny,C,66,24,37,-1,28,141,1109,30,63,24,25,konectr01
Anze Kopitar,C,70,21,41,6,16,135,1473,56,49,777,631,kopitan01
Egor Korshkov,F,1,1,0,1,0,1,10,0,1,0,0,korsheg01
Klim Kostin,C,4,1,0,1,0,5,34,0,6,0,0,kostikl01
Jesperi Kotkaniemi,C,36,6,2,-11,23,55,468,16,51,125,167,kotkaje01
Ilya Kovalchuk,LW,46,10,16,-4,18,115,780,23,52,8,16,kovalil01
Chris Kreider,LW,63,24,21,13,58,156,1087,42,116,53,70,kreidch01
David Krejci,C,61,13,30,14,23,83,1048,32,37,370,367,krejcda01
Torey Krug,D,61,9,40,-4,33,144,1250,48,36,0,0,krugto01
Dominik Kubalik,LW,68,30,16,2,16,157,977,17,79,6,13,kubaldo01
Nikita Kucherov,RW,68,33,52,26,38,210,1283,19,37,0,1,kucheni01
Karson Kuhlman,C,25,1,5,3,13,45,313,8,36,1,3,kuhlmka01
Tom Kuhnhackl,RW,28,3,3,-4,2,28,316,22,31,0,0,kuhnhto01
Dean Kukan,D,33,1,4,-9,12,51,527,28,24,0,0,kukande01
Brett Kulak,D,56,0,7,-1,12,101,960,50,59,0,0,kulakbr01
Dmitry Kulikov,D,51,2,8,-4,32,54,1021,77,104,0,0,kulikdm01
Luke Kunin,C,63,15,16,-10,55,128,974,54,64,210,262,kuninlu01
Janne Kuokkanen,C,1,0,0,0,0,0,12,0,3,0,0,kuokkja01
Sean Kuraly,C,69,6,17,-2,34,95,917,31,145,254,267,kuralse01
Evgeny Kuznetsov,C,63,19,33,-2,40,129,1124,16,35,348,455,kuzneev01
Oliver Kylington,D,48,2,5,-6,16,37,658,34,36,0,0,kylinol01
Jordan Kyrou,C,28,4,5,1,8,39,305,8,8,2,3,kyroujo01
Joel L'Esperance,RW,3,1,0,0,2,2,22,1,1,0,1,lespejo01
Kevin Labanc,RW,70,14,19,-33,38,176,1125,24,46,2,10,labanke01
Andrew Ladd,LW,4,1,0,2,4,5,48,0,23,0,0,laddan01
Paul Ladue,D,2,0,1,0,0,2,26,3,2,0,0,laduepa01
Sam Lafferty,C,50,6,7,5,23,56,481,17,95,117,119,laffesa01
William Lagesson,D,8,0,0,-4,0,8,95,12,4,0,0,lageswi01
Patrik Laine,RW,68,28,35,8,22,226,1320,35,97,10,17,lainepa01
Maxime Lajoie,D,6,0,0,0,0,3,47,3,2,0,0,lajoima01
Gabriel Landeskog,LW,54,21,23,-2,47,145,1082,35,86,274,212,landega01
Dylan Larkin,C,71,19,34,-21,39,223,1509,45,52,715,647,larkidy01
Adam Larsson,D,49,1,5,0,35,61,972,82,112,0,0,larssad01
Jacob Larsson,D,60,2,9,-9,12,58,969,57,34,0,0,larssja01
Johan Larsson,LW,62,6,12,8,26,60,924,31,85,322,347,larssjo02
Brian Lashoff,D,9,0,1,1,6,6,131,7,16,0,0,lashobr01
Scott Laughton,C,49,13,14,13,26,74,716,26,109,146,125,laughsc01
Jeremy Lauzon,D,19,1,1,5,29,20,293,23,32,0,0,lauzoje01
Curtis Lazar,C,38,5,5,-3,9,33,450,24,70,185,176,lazarcu01
Nick Leddy,D,60,3,18,-1,14,72,1267,72,62,0,0,leddyni01
Anders Lee,LW,68,20,23,8,47,195,1244,50,102,90,109,leean01
Artturi Lehkonen,LW,70,13,14,2,24,140,1080,38,120,12,14,lehkoar01
Brendan Leipsic,LW,61,3,8,3,13,49,559,20,57,9,12,leipsbr01
Josh Leivo,LW,36,7,12,0,4,69,540,8,17,10,7,leivojo01
Brendan Lemieux,LW,59,6,12,-14,111,86,759,52,164,18,31,lemiebr01
Otto Leskinen,D,5,0,0,0,0,2,51,1,13,0,0,leskiot01
Kris Letang,D,61,15,29,0,38,177,1569,91,101,0,0,letankr01
Mark Letestu,C,7,0,0,0,0,5,74,5,3,25,21,letesma01
Maxim Letunov,C,3,1,0,0,0,3,27,1,0,3,3,letunma01
Tyler Lewington,D,6,0,0,-2,17,2,61,7,13,0,0,lewinty01
Trevor Lewis,C,56,6,6,-7,16,92,666,22,68,45,71,lewistr01
Jakob Lilja,F,37,2,3,5,2,23,366,25,18,2,2,liljaja01
Timothy Liljegren,D,11,0,1,-5,2,2,113,10,8,0,0,liljeti01
Oskar Lindblom,LW,30,11,7,4,4,72,528,16,31,13,19,lindbos01
Esa Lindell,D,69,3,20,5,12,98,1615,127,89,0,0,lindees01
Ryan Lindgren,D,60,1,13,16,47,47,994,70,94,0,0,lindgry01
Anton Lindholm,D,4,0,1,1,0,1,47,5,5,0,0,lindhan01
Elias Lindholm,C,70,29,25,-8,22,169,1381,41,93,395,406,lindhel01
Hampus Lindholm,D,55,2,20,-10,34,109,1269,71,34,0,0,lindhha01
Par Lindholm,C,40,3,3,6,4,35,450,26,23,132,156,lindhpa01
Gustav Lindstrom,D,16,0,1,-6,14,9,265,15,19,0,0,lindsgu01
Bryan Little,RW,7,2,3,4,2,13,113,3,3,48,58,littlbr01
Blake Lizotte,C,65,6,17,-4,20,87,907,22,42,312,310,lizotbl01
Adam Lowry,LW,49,4,6,-4,23,68,733,22,137,349,300,lowryad01
Milan Lucic,LW,68,8,12,-6,54,83,907,20,198,20,26,lucicmi01
Matt Luff,RW,18,1,4,-5,2,25,187,5,16,0,3,luffma01
Isac Lundestrom,C,15,0,4,-2,0,10,209,8,5,65,74,lundeis01
Eetu Luostarinen,C,8,0,1,-2,0,9,80,2,9,33,30,luostee01
Joona Luoto,F,16,0,0,-3,2,9,105,8,10,0,0,luotojo01
Ilya Lyubushkin,D,51,0,4,4,18,41,724,53,151,0,0,lyubuil01
Olli Maatta,D,65,4,13,0,20,80,1197,110,119,0,0,maattol01
Kurtis MacDermid,D,45,3,5,-9,47,51,617,43,95,0,0,macdeku01
Mackenzie MacEachern,LW,51,7,3,2,33,63,457,13,82,1,3,maceama01
Zack MacEwen,C,17,5,1,6,20,17,163,5,41,1,1,macewza01
Ryan MacInnis,C,10,0,1,1,0,13,94,3,8,10,17,macinry01
Nathan MacKinnon,C,69,35,58,13,12,318,1464,31,51,363,478,mackina01
Josh Mahura,D,11,1,3,-3,2,11,179,11,2,0,0,mahurjo01
Cale Makar,D,57,12,38,12,12,121,1198,47,45,0,0,makarca01
Beck Malenstyn,LW,3,0,0,-1,0,4,28,1,5,0,0,malenbe01
Denis Malgin,C,44,4,8,-9,14,50,528,16,35,65,98,malgide01
Evgeni Malkin,C,55,25,49,7,58,171,1074,22,38,441,435,malkiev01
Andrew Mangiapane,LW,68,17,15,4,18,109,932,25,73,12,31,mangian01
Brandon Manning,D,9,1,0,-1,17,8,99,6,10,0,0,mannibr01
Josh Manson,D,50,1,8,-10,37,64,1032,65,113,0,0,mansojo01
Anthony Mantha,RW,43,16,22,-7,34,137,812,25,49,16,22,manthan01
Brad Marchand,LW,70,28,59,25,82,185,1362,19,55,22,29,marchbr03
Jonathan Marchessault,C,66,22,25,6,28,235,1141,12,99,58,78,audymjo01
Mason Marchment,F,4,0,1,0,0,3,32,0,3,1,0,marchma01
Martin Marincin,D,26,1,3,-1,14,28,395,43,22,0,0,marinma01
John Marino,D,56,6,20,17,20,61,1134,77,72,0,0,marinjo01
Patrick Marleau,C,66,11,11,-5,14,117,1028,24,57,36,40,marlepa01
Mitch Marner,RW,59,16,51,6,16,154,1272,37,24,7,19,marnemi01
Pat Maroon,LW,64,9,14,4,71,80,794,13,104,6,3,maroopa01
Matt Martin,LW,55,5,3,-1,40,49,573,24,242,3,4,martima02
Alec Martinez,D,51,3,13,-4,23,75,1097,117,43,0,0,martial01
Jordan Martinook,LW,45,2,11,-2,22,44,507,23,72,66,62,martijo01
Mike Matheson,D,59,8,12,-1,14,104,1064,53,44,0,0,mathemi01
Stefan Matteau,LW,9,2,1,0,5,18,111,10,27,0,0,mattest02
Auston Matthews,C,70,47,33,19,8,290,1468,60,40,506,415,matthau01
Scott Mayfield,D,67,5,8,8,53,98,1336,117,93,0,0,mayfisc01
Gerald Mayhew,F,13,2,0,4,2,16,150,6,11,3,3,mayhege01
Charlie McAvoy,D,67,5,27,24,41,101,1552,131,131,0,0,mcavoch01
Jake McCabe,D,66,3,10,-11,41,75,1223,90,91,0,0,mccabja01
Jared McCann,C,66,14,21,6,17,150,1006,27,89,265,306,mccanja01
Connor McDavid,C,64,34,63,-6,28,212,1399,18,37,320,350,mcdavco01
Ryan McDonagh,D,50,1,11,7,19,50,1035,101,36,0,0,mcdonry01
Brock McGinn,LW,68,7,10,-4,17,93,898,28,80,15,24,mcginbr01
Dylan McIlrath,D,16,0,0,-4,23,14,237,12,48,0,0,mcilrdy01
Greg McKegg,C,53,5,4,-2,17,40,507,24,69,104,107,mckeggr01
Michael McLeod,C,12,0,2,4,4,11,123,6,19,40,40,mcleomi01
Brayden McNabb,D,71,2,7,1,40,73,1421,133,201,0,0,mcnabbr01
Jayson Megna,C,8,0,0,-1,2,4,54,5,10,0,1,megnaja01
Timo Meier,RW,70,22,27,-22,42,199,1210,38,155,12,25,meierti01
Brennan Menell,D,5,0,0,1,2,4,70,4,2,0,0,menelbr01
Nicholas Merkley,RW,4,1,1,0,2,8,45,2,9,0,0,merklni01
Dakota Mermis,D,10,1,3,7,4,17,192,21,20,0,0,mermida01
Jonathon Merrill,D,49,2,5,9,32,37,890,71,51,0,0,merrijo01
Victor Mete,D,51,4,7,5,20,57,816,60,20,0,0,metevi01
Jacob Middleton,D,10,0,2,-2,9,9,108,5,18,0,0,middlja01
Ilya Mikheyev,F,39,8,15,7,4,98,607,13,26,3,1,mikheil01
Niko Mikkola,D,5,0,1,3,0,10,72,3,5,0,0,mikkoni01
Sonny Milano,LW,55,7,16,-7,26,75,720,13,26,0,0,milanso01
Colin Miller,D,51,1,10,-9,22,79,874,40,87,0,0,milleco02
J.T. Miller,C,69,27,45,11,47,165,1387,38,123,425,293,millejt01
Casey Mittelstadt,C,31,4,5,-5,2,34,396,8,11,86,99,mitteca01
Sean Monahan,C,70,22,26,-16,25,166,1267,22,65,549,495,monahse01
Brandon Montour,D,54,5,13,13,28,86,1053,53,60,0,0,montobr01
John Moore,D,24,2,1,-2,11,33,397,27,36,0,0,moorejo01
Trevor Moore,LW,42,6,4,-4,6,60,542,17,60,4,10,mooretr01
Samuel Morin,D,1,0,0,-1,0,0,13,0,2,0,0,morinsa01
Josh Morrissey,D,65,5,26,1,24,120,1480,59,34,0,0,morrijo04
Tyler Motte,C,34,4,4,-10,10,38,446,37,118,8,11,mottety01
Mirco Mueller,D,50,2,5,-13,23,29,882,91,63,0,0,muellmi01
Connor Murphy,D,58,5,14,2,27,117,1233,138,128,0,0,murphco02
Ryan Murray,D,27,2,7,-9,4,32,539,50,12,0,0,murrary01
Jake Muzzin,D,53,6,17,12,40,99,1145,110,109,0,0,muzzija01
Philippe Myers,D,50,4,12,17,30,78,855,44,80,0,0,myersph01
Tyler Myers,D,68,6,15,-7,49,134,1463,108,99,0,0,myersty01
Vladislav Namestnikov,C,65,17,14,-5,45,98,979,47,108,22,25,namesvl01
Riley Nash,C,64,5,9,6,10,64,758,36,68,245,267,nashri02
James Neal,LW,55,19,12,-20,12,112,897,17,88,11,20,nealja01
Martin Necas,C,64,16,20,-6,20,88,907,19,65,13,35,necasma01
Brock Nelson,C,68,26,28,6,32,175,1282,44,49,615,573,nelsobr01
Patrik Nemeth,D,64,1,8,-10,28,89,1410,92,80,0,0,nemetpa01
Aaron Ness,D,24,0,1,1,0,11,301,20,17,0,0,nessaa01
Valeri Nichushkin,RW,65,13,14,26,14,113,915,22,84,2,3,nichuva01
Nino Niederreiter,RW,67,11,18,-3,42,115,993,19,52,1,3,niedeni01
Frans Nielsen,C,60,4,5,-13,8,86,821,35,44,210,246,nielsfr01
Matthew Nieto,LW,70,8,13,7,6,85,945,23,37,2,3,nietoma01
Boo Nieves,C,4,0,0,2,4,2,30,2,3,14,5,nievecr01
Sami Niku,D,17,0,5,-2,12,27,275,19,16,0,0,nikusa01
Matt Niskanen,D,68,8,25,15,29,126,1490,84,124,0,0,niskama01
Stefan Noesen,RW,40,7,2,-1,32,67,461,17,74,7,11,noesest01
Joakim Nordstrom,C,48,4,3,-6,17,49,581,31,91,1,6,nordsjo02
Joshua Norris,C,3,0,0,2,0,9,54,2,3,30,19,norrijo01
Tomas Nosek,C,67,8,7,-2,20,93,778,38,91,217,216,nosekto01
Ryan Nugent-Hopkins,C,65,22,39,1,33,172,1330,44,33,205,199,nugenry01
Darnell Nurse,D,71,5,28,-2,48,170,1665,141,172,0,0,nurseda01
Markus Nutivaara,D,37,3,6,2,4,47,589,33,35,0,0,nutivma01
Joakim Nygard,F,33,3,6,0,8,39,353,8,18,3,3,nygarjo01
Alexander Nylander,LW,65,10,16,-2,10,94,789,14,29,5,14,nylanal01
William Nylander,C,68,31,28,-2,12,197,1238,14,9,106,106,nylanwi01
Gustav Nyquist,RW,70,15,27,4,16,151,1262,26,37,17,16,nyquigu01
Logan O'Connor,RW,16,2,0,0,2,15,135,8,20,0,1,oconnlo01
Ryan O'Reilly,C,71,12,49,11,10,118,1461,42,16,880,676,oreilry01
Jordan Oesterle,D,58,3,10,-9,14,69,987,88,48,0,0,oestejo01
Kyle Okposo,RW,52,9,10,-3,28,82,668,15,55,38,33,okposky01
Jamie Oleksiak,D,69,3,7,-6,41,76,1091,59,153,0,0,oleksja01
Mathieu Olivier,F,8,0,1,1,4,6,60,1,17,0,0,olivima01
Gustav Olofsson,D,3,0,0,-4,2,2,24,6,1,0,0,olofsgu01
Victor Olofsson,RW,54,20,22,-1,6,127,993,16,10,1,1,olofsvi01
Dmitry Orlov,D,69,4,23,5,36,105,1530,82,106,0,0,orlovdm01
T.J. Oshie,C,69,26,23,4,26,133,1262,58,90,119,119,oshietj01
Xavier Ouellet,D,12,0,2,0,4,8,167,15,24,0,0,ouellxa01
Alex Ovechkin,LW,68,48,19,-12,30,311,1405,30,184,1,0,ovechal01
Max Pacioretty,LW,71,32,34,18,44,307,1272,35,90,51,45,pacioma01
Jean-Gabriel Pageau,C,67,26,16,4,49,151,1284,53,128,615,534,pageaje01
Ondrej Palat,LW,69,17,24,25,22,128,1117,61,145,7,14,palaton01
Kyle Palmieri,RW,65,25,20,-4,41,155,1112,36,74,12,25,palmiky01
Artemi Panarin,LW,69,32,63,36,20,209,1422,18,25,1,1,panarar01
Richard Panik,RW,59,9,13,16,36,67,669,19,75,11,8,panikri01
Cedric Paquette,C,61,7,11,-1,42,78,796,49,175,316,305,paquece01
Colton Parayko,D,64,10,18,8,16,162,1472,106,87,0,0,parayco01
Zach Parise,LW,69,25,21,-11,8,155,1187,38,27,41,36,parisza01
David Pastrnak,RW,70,48,47,21,40,279,1327,22,47,7,11,pastrda01
Greg Pateryn,D,20,0,3,1,6,22,309,30,25,0,0,patergr01
Nick Paul,LW,56,9,11,0,24,103,809,39,122,191,182,paulni01
Joe Pavelski,C,67,14,17,6,29,125,1134,52,62,351,301,paveljo01
Tanner Pearson,LW,69,21,24,-4,27,164,1139,40,96,3,14,pearsta01
Matthew Peca,C,14,0,2,-4,0,7,146,4,15,43,36,pecama01
Andrew Peeke,D,22,1,2,1,4,23,305,21,25,0,0,peekean01
Adam Pelech,D,38,1,8,4,20,49,803,83,81,0,0,pelecad01
Brendan Perlini,LW,40,1,3,-18,10,48,428,10,22,0,0,perlibr01
Mathieu Perreault,C,49,7,8,-9,10,71,642,19,69,13,6,perrema01
David Perron,LW,71,25,35,2,52,166,1300,19,67,3,5,perroda01
Corey Perry,RW,57,5,16,-2,70,77,782,33,60,4,6,perryco01
Joel Persson,D,13,0,2,-1,2,17,199,10,6,0,0,perssjo02
Brett Pesce,D,61,4,14,7,27,104,1335,91,22,0,0,pescebr01
Nic Petan,C,16,0,3,-4,4,19,178,4,7,1,3,petanni01
Jeff Petry,D,71,11,29,-10,26,158,1679,79,177,0,0,petryje01
Elias Pettersson,C,68,27,39,16,18,162,1260,42,63,59,82,petteel01
Marcus Pettersson,D,69,2,20,9,35,79,1339,84,106,0,0,pettema01
Alex Pietrangelo,D,70,16,36,11,20,225,1693,89,47,0,0,pietral01
Lawrence Pilut,D,13,0,0,-4,4,6,211,19,10,0,0,pilutla01
Neal Pionk,D,71,6,39,10,32,177,1660,78,165,0,0,pionkne01
Brandon Pirri,C,16,0,2,-4,8,24,201,5,16,6,3,pirribr01
Tyler Pitlick,C,63,8,12,11,12,76,759,42,132,5,13,pitlity01
Ryan Poehling,C,27,1,1,-4,4,26,279,10,38,3,12,poehlry01
Austin Poganski,RW,1,0,0,0,0,0,6,0,0,0,0,poganau01
Brayden Point,C,66,25,39,28,11,141,1248,30,24,397,380,pointbr01
Roman Polak,D,41,0,4,-6,24,34,683,94,104,0,0,polakro01
Tucker Poolman,D,57,4,12,-1,24,64,995,59,58,0,0,poolmtu01
Derrick Pouliot,D,2,0,0,-1,2,1,17,1,2,0,0,poulide01
Nikolai Prokhorkin,LW,43,4,10,-6,6,63,520,7,38,101,111,prokhni01
Dalton Prout,D,2,0,0,0,7,2,26,3,3,0,0,proutda01
Ivan Provorov,D,69,13,23,11,24,150,1714,111,84,0,0,provoiv01
Ryan Pulock,D,68,10,25,8,14,163,1524,139,110,0,0,pulocry01
Mark Pysyk,D,58,9,9,4,20,64,740,38,47,3,3,pysykma01
John Quenneville,C,9,0,0,-1,0,14,99,3,21,3,1,quennjo02
Alan Quine,C,9,1,0,-1,4,12,88,2,6,1,0,quineal01
Gage Quinney,F,3,0,1,-1,0,2,29,0,2,8,9,quinnga01
Lukas Radil,C,14,0,0,-3,8,12,132,2,16,1,3,radillu01
Alexander Radulov,RW,60,15,19,8,46,132,1005,42,48,4,10,radulal01
Michael Raffl,LW,58,8,12,-2,14,66,717,25,73,99,98,rafflmi01
Rickard Rakell,RW,65,15,27,-5,12,186,1180,29,81,10,3,rakelri01
Mikko Rantanen,RW,42,19,22,-2,14,107,796,23,28,44,31,rantami01
Victor Rask,C,43,5,8,7,6,38,451,8,26,120,152,raskvi01
Ryan Reaves,RW,71,8,7,-5,47,61,720,24,316,24,28,reavery01
Mike Reilly,D,44,1,15,-6,24,85,793,46,39,0,0,reillmi01
Sam Reinhart,C,69,22,28,-15,20,144,1423,27,36,40,72,reinhsa01
Anthony Richard,C,1,0,0,-1,0,2,4,0,0,0,0,richaan01
Brad Richardson,C,59,6,5,1,20,76,805,44,77,355,303,richabr02
Tobias Rieder,C,55,4,6,-12,6,77,610,26,30,11,42,riedeto01
Morgan Rielly,D,47,3,24,6,24,123,1137,67,38,0,1,riellmo01
Juuso Riikola,D,36,1,6,3,6,38,500,24,74,0,0,riikoju01
Zac Rinaldo,C,19,3,2,-1,34,19,157,8,69,0,0,rinalza01
Rasmus Ristolainen,D,69,6,27,-2,46,128,1573,82,203,0,0,ristora01
Brett Ritchie,RW,27,2,4,-3,21,34,281,3,89,2,3,ritchbr01
Nick Ritchie,LW,48,9,12,1,97,78,680,17,102,1,7,ritchni01
Jason Robertson,LW,3,0,1,0,0,4,37,0,1,0,0,roberja01
Buddy Robinson,RW,5,1,0,0,7,6,61,5,14,0,0,robinbu01
Eric Robinson,LW,50,7,5,10,12,69,548,15,79,4,7,robiner01
Evan Rodrigues,C,45,6,4,-8,14,75,508,15,24,121,136,rodriev01
Kevin Rooney,C,49,4,5,8,20,59,575,32,64,175,197,rooneke01
Calle Rosen,D,12,0,3,0,4,14,163,7,3,0,0,rosenca01
Jack Roslovic,C,71,12,17,4,12,117,1058,21,58,70,78,rosloja01
Antoine Roussel,LW,41,7,6,0,43,55,485,14,44,6,6,roussan01
Carter Rowney,RW,71,8,11,5,14,63,910,42,189,47,56,rowneca01
Matt Roy,D,70,4,14,16,10,112,1268,100,132,0,0,royma04
Nicolas Roy,C,28,5,5,3,8,42,320,7,39,93,100,royni01
German Rubtsov,C,4,0,0,-1,0,1,27,4,4,6,8,rubtsge01
Chad Ruhwedel,D,41,2,4,4,12,44,606,25,74,0,0,ruhwech01
Kris Russell,D,55,0,9,0,14,45,923,101,71,0,0,russekr01
Patrick Russell,RW,45,0,5,-11,12,58,511,25,64,2,2,russepa01
Bryan Rust,RW,55,27,29,14,30,151,1087,35,71,2,8,rustbr01
Jan Rutta,D,33,1,6,6,14,43,513,21,19,0,0,ruttaja02
Bobby Ryan,LW,24,5,3,3,22,43,324,13,41,3,2,ryanbo01
Derek Ryan,C,68,10,19,9,10,102,989,34,12,383,349,ryande01
Joakim Ryan,D,35,1,4,-10,10,54,670,46,24,0,0,ryanjo02
Brandon Saad,LW,58,21,12,2,16,140,971,19,36,23,35,saadbr01
Aleksi Saarela,C,9,2,2,2,0,15,110,3,1,7,11,saareal01
Scott Sabourin,F,35,2,4,-6,33,29,246,13,74,0,1,sabousc01
Miikka Salomaki,RW,5,1,0,2,4,2,61,3,9,0,0,salommi01
Rasmus Sandin,D,28,1,7,-7,10,22,401,22,33,0,0,sandira01
Zach Sanford,LW,58,16,14,13,28,90,797,32,109,1,8,sanfoza01
Travis Sanheim,D,69,8,17,4,32,110,1391,79,41,0,0,sanhetr01
Steven Santini,D,2,0,0,1,2,1,19,0,3,0,0,santist01
Ashton Sautner,D,1,0,0,0,0,1,3,0,0,0,0,sautnas01
David Savard,D,68,0,11,-3,35,97,1407,163,129,0,0,savarda01
Luca Sbisa,D,44,2,8,1,37,49,789,71,91,0,0,sbisalu01
Marco Scandella,D,62,4,9,14,20,77,1090,60,78,0,0,scandma01
Colton Sceviour,C,69,6,10,2,6,114,914,72,91,65,82,scevico01
Tim Schaller,LW,53,5,1,-14,14,49,613,28,51,7,11,schalti01
Mark Scheifele,C,71,29,44,2,45,170,1548,49,34,605,685,scheima01
Brayden Schenn,C,71,25,33,3,44,138,1311,21,119,350,364,schenbr01
Luke Schenn,D,25,1,2,-8,23,31,311,21,83,0,0,schenlu01
Nick Schmaltz,C,70,11,34,3,20,95,1087,35,12,160,216,schmani01
Nate Schmidt,D,59,7,24,11,12,112,1279,91,25,0,0,schmina01
Justin Schultz,D,46,3,9,-13,6,86,914,50,36,0,0,schulju01
Jaden Schwartz,C,71,22,35,3,18,162,1291,28,60,9,11,schwaja01
Brent Seabrook,D,32,3,1,1,8,40,581,61,52,0,0,seabrbr01
Nick Seeler,D,12,0,1,-8,15,5,143,21,19,0,0,seeleni01
Tyler Seguin,C,69,17,33,-2,22,245,1321,31,90,538,387,seguity01
Andrej Sekera,D,57,2,6,9,14,63,1026,75,34,0,0,sekeran01
Brett Seney,LW,2,0,0,-1,0,1,20,0,2,0,2,seneybr01
Zachary Senyshyn,RW,4,0,2,1,0,1,34,1,2,1,0,senysza01
Mikhail Sergachev,D,70,10,24,15,58,118,1426,99,106,0,0,sergami01
Damon Severson,D,69,8,23,-20,52,114,1584,97,81,0,0,severda01
Michael Sgarbossa,C,2,0,0,0,0,1,16,0,3,3,3,sgarbmi01
Kevin Shattenkirk,D,70,8,26,22,38,131,1323,66,62,0,0,shattke01
Andrew Shaw,C,26,3,7,-4,33,46,376,9,74,42,51,shawan01
Logan Shaw,RW,35,3,2,0,0,20,239,13,24,11,9,shawlo01
Riley Sheahan,C,66,8,7,-13,6,70,844,33,26,409,425,sheahri01
Conor Sheary,LW,63,10,13,-5,10,102,826,26,28,1,3,shearco01
Kiefer Sherwood,RW,10,0,1,-1,6,17,133,4,24,3,1,sherwki01
Kole Sherwood,RW,3,0,0,0,2,6,20,1,10,0,1,sherwko01
Devin Shore,C,45,5,7,-10,8,50,524,14,52,47,53,shorede01
Nick Shore,C,63,3,3,1,20,45,578,20,55,211,170,shoreni01
Jonas Siegenthaler,D,64,2,7,11,43,49,1007,105,51,0,0,siegejo01
Dylan Sikura,C,9,1,2,1,0,10,89,2,0,0,3,sikurdy01
Jakob Silfverberg,LW,66,21,18,0,14,155,1167,41,28,8,33,silfvja01
Radim Simek,D,48,2,7,-13,14,40,825,60,91,0,0,simekra01
Wayne Simmonds,RW,68,8,17,-21,66,119,1015,29,145,29,45,simmowa01
Dominik Simon,C,64,7,15,-9,12,102,922,20,57,15,27,simondo01
Colton Sissons,C,57,9,6,-2,20,52,817,41,84,283,269,sissoco01
Jeff Skinner,LW,59,14,9,-22,18,183,973,11,29,32,54,skinnje01
Brady Skjei,D,67,8,16,-10,45,139,1386,96,103,0,0,skjeibr01
Jaccob Slavin,D,68,6,30,30,10,145,1592,107,43,0,0,slavija01
Brendan Smith,D,62,3,5,-12,71,45,688,41,90,1,0,smithbr05
Craig Smith,C,69,18,13,18,34,184,926,19,60,14,15,smithcr01
Dalton Smith,LW,1,0,0,1,2,0,1,0,0,0,0,smithda03
Gemel Smith,C,3,1,0,0,4,1,28,2,1,13,7,smithge02
Givani Smith,RW,21,2,1,-2,9,22,203,3,42,0,0,smithgi01
Reilly Smith,RW,71,27,27,17,20,169,1272,30,55,3,9,smithre01
Zack Smith,C,50,4,7,2,29,43,589,18,112,88,102,smithza01
Vladimir Sobotka,C,16,1,2,2,4,23,228,7,26,39,31,sobotvl01
Carl Soderberg,C,70,17,18,6,18,135,1113,41,77,245,296,soderca01
Marcus Sorensen,RW,66,7,11,-12,26,78,914,18,56,3,17,sorenma01
Carson Soucy,D,55,7,7,16,18,61,860,50,69,0,0,soucyca01
Jason Spezza,C,58,9,16,-3,18,73,628,19,13,215,183,spezzja01
Daniel Sprong,RW,8,1,1,-2,0,17,113,3,4,0,0,spronda01
Jared Spurgeon,D,62,12,20,-1,18,112,1400,102,61,0,1,spurgja01
Eric Staal,C,66,19,28,-9,28,113,1131,22,24,495,504,staaler01
Jordan Staal,C,68,8,19,3,40,125,1190,36,149,699,585,staaljo01
Marc Staal,D,52,2,9,5,16,46,917,76,69,0,0,staalma01
Steven Stamkos,C,57,29,37,14,22,176,1050,38,69,365,307,stamkst01
Paul Stastny,C,71,17,21,6,24,136,1216,32,63,624,515,stastpa01
Troy Stecher,D,69,5,12,10,32,86,1059,70,69,0,0,stechtr01
Sam Steel,C,65,6,16,-13,20,85,1011,25,24,369,365,steelsa01
Alex Steen,C,55,7,10,7,12,71,772,47,26,8,7,steenal01
Kevin Stenlund,C,32,6,4,2,8,57,447,22,19,52,77,stenlke01
Derek Stepan,C,70,10,18,-4,16,158,1235,54,43,569,628,stepade01
Mitchell Stephens,C,38,3,3,-9,10,43,410,9,36,187,169,stephmi01
Chandler Stephenson,C,65,11,15,24,16,73,931,32,52,233,281,stephch02
Chris Stewart,RW,16,0,1,-7,21,5,124,4,35,0,0,stewach02
Riley Stillman,D,34,0,5,-3,14,39,650,57,59,0,0,stillri01
Mark Stone,RW,65,21,42,15,27,168,1262,51,56,16,30,stonema01
Michael Stone,D,33,2,5,-5,16,57,539,54,52,0,0,stonemi01
Anton Stralman,D,69,5,14,-6,14,89,1454,96,68,0,0,stralan01
Ben Street,C,3,0,1,1,0,4,24,0,3,5,6,streebe01
Dylan Strome,C,58,12,26,1,16,97,925,29,23,277,304,stromdy01
Ryan Strome,C,70,18,41,21,48,154,1371,32,45,496,548,stromry01
Jack Studnicka,C,2,0,1,2,2,3,24,0,2,9,6,studnja01
Nico Sturm,C,6,0,2,2,0,2,71,5,6,26,23,sturmni01
P.K. Subban,D,68,7,11,-21,79,151,1504,90,88,0,0,subbapk01
C.J. Suess,LW,1,0,0,-1,0,0,6,0,1,1,3,frankcl01
Oskar Sundqvist,C,57,12,11,5,28,97,820,26,60,105,132,sundqos01
Antti Suomela,C,20,1,6,4,4,18,194,5,27,51,42,suomean01
Ryan Suter,D,69,8,40,-6,12,111,1700,93,48,0,0,suterry01
Brandon Sutter,C,44,8,9,1,25,76,653,15,18,185,193,suttebr03
Nick Suzuki,C,71,13,28,-15,6,138,1135,32,64,305,354,suzukni01
Andrei Svechnikov,RW,68,24,37,9,54,183,1138,27,116,0,1,svechan01
Evgeny Svechnikov,LW,4,0,0,-1,2,7,33,1,5,0,0,svechev01
Jordan Szwarz,RW,3,0,0,0,2,2,15,1,6,4,5,szwarjo01
Brandon Tanev,LW,68,11,14,-1,16,95,1004,65,244,6,9,tanevbr01
Chris Tanev,D,69,2,18,4,41,45,1348,159,32,0,0,tanevch01
Vladimir Tarasenko,RW,10,3,7,-2,0,26,162,7,17,0,0,tarasvl01
Tomas Tatar,C,68,22,39,5,36,162,1108,24,79,9,16,tatarto01
John Tavares,C,63,26,34,-7,24,197,1232,31,32,617,499,tavarjo01
Matt Tennyson,D,20,0,3,-2,6,14,243,18,27,0,0,tennyma01
Teuvo Teravainen,F,68,15,48,20,8,182,1305,30,18,26,27,teravte01
Troy Terry,C,47,4,11,-5,6,73,682,9,3,3,5,terrytr01
Alexandre Texier,C,36,6,7,3,10,49,459,7,20,22,41,texieal01
Shea Theodore,D,71,13,33,12,25,219,1579,69,20,0,0,theodsh01
Robert Thomas,C,66,10,32,9,18,87,961,13,13,136,181,thomaro01
Nate Thompson,C,70,4,11,-1,30,67,895,50,118,433,354,thompna01
Tage Thompson,C,1,0,0,0,0,0,7,0,2,0,0,thompta01
Joe Thornton,C,70,7,24,-19,34,76,1085,29,20,323,331,thornjo01
Calvin Thurkauf,C,3,0,0,0,0,1,25,0,5,2,0,thurkca01
Chris Tierney,C,71,11,26,-6,20,102,1220,37,44,521,497,tiernch01
Dmytro Timashov,LW,44,4,5,1,16,37,375,11,93,0,0,timasdm01
Conor Timmins,D,2,0,0,2,0,1,21,0,0,0,0,timmico01
Jarred Tinordi,D,28,1,4,-1,34,20,465,36,71,0,0,tinorja01
Brady Tkachuk,LW,71,21,23,-14,106,259,1344,43,303,144,168,tkachbr01
Matthew Tkachuk,LW,69,23,38,-5,74,188,1263,22,122,0,4,tkachma01
Devon Toews,D,68,6,22,1,16,122,1395,75,55,0,0,toewsde01
Jonathan Toews,C,70,18,42,-2,48,172,1384,35,56,856,638,toewsjo01
Tyler Toffoli,C,68,24,20,-1,20,203,1146,16,48,4,10,toffoty01
Dominic Toninato,C,46,4,7,4,37,38,513,28,57,128,144,tonindo01
Yakov Trenin,C,21,2,4,1,9,25,204,9,46,3,1,treniya01
Vincent Trocheck,C,62,11,27,-8,49,141,1037,37,101,434,398,trochvi01
Zach Trotman,D,8,0,0,-1,4,11,118,10,21,0,0,trotmza01
Jacob Trouba,D,70,7,20,-12,61,168,1580,128,173,0,0,troubja01
Alexander True,F,12,0,4,1,2,12,120,2,23,32,37,trueal01
Alex Tuch,RW,42,8,9,-10,8,98,614,20,58,8,20,tuchal01
Kyle Turris,C,62,9,22,-9,22,88,956,25,18,246,272,turriky01
Carsen Twarynski,F,15,1,0,-2,4,14,160,8,40,0,2,twaryca01
T.J. Tynan,C,16,0,1,-1,2,7,136,3,7,3,15,tynant.01
Urho Vaakanainen,D,5,0,0,2,0,2,84,3,8,0,0,vaakaur01
James van Riemsdyk,LW,66,19,21,5,8,151,983,18,25,8,15,vanrija01
Trevor van Riemsdyk,D,49,1,7,-7,10,58,728,37,21,0,0,vanritr01
Sami Vatanen,D,47,5,18,-12,22,95,1022,80,50,0,0,vatansa01
Frank Vatrano,LW,69,16,18,-8,30,162,1036,43,102,12,28,vatrafr01
Lukas Vejdemo,C,7,1,0,0,0,7,56,3,8,1,4,vejdelu01
Carter Verhaeghe,C,52,9,4,-9,8,57,487,8,29,14,17,verhaca01
Max Veronneau,RW,4,0,0,-2,0,3,34,2,2,0,0,veronma01
Jimmy Vesey,LW,64,9,11,12,15,93,883,20,43,0,5,veseyji02
Gabriel Vilardi,C,10,3,4,0,4,19,129,4,1,49,43,vilarga01
Jake Virtanen,RW,69,18,18,-4,41,150,903,28,102,5,13,virtaja01
Marc-Edouard Vlasic,D,70,5,10,-10,10,74,1421,97,37,0,0,vlasima01
Alexander Volkov,RW,9,0,1,-6,6,7,92,2,10,1,3,volkoal01
Jakub Voracek,RW,69,12,44,14,31,132,1176,21,17,7,13,voracja01
Mikhail Vorobyev,C,20,1,2,-5,6,15,209,3,4,78,62,vorobmi01
Jakub Vrana,LW,69,25,27,3,18,187,1027,16,29,6,5,vranaja01
Austin Wagner,LW,65,6,5,-5,39,124,763,19,145,3,6,wagneau01
Chris Wagner,C,67,6,4,-8,47,78,834,31,192,115,134,wagnech01
Oliver Wahlstrom,RW,9,0,0,-2,4,9,93,4,10,0,3,wahlsol01
Nathan Walker,C,5,1,1,-2,4,6,56,1,10,1,0,walkena01
Sean Walker,D,70,5,19,-12,26,127,1319,84,81,0,0,walkese01
Lucas Wallmark,C,67,12,13,0,18,84,856,26,57,379,374,wallmlu01
Jake Walman,D,1,0,0,1,0,1,11,1,0,0,0,walmaja01
Austin Watson,LW,53,6,8,-9,65,50,616,48,131,6,6,watsoau01
Jordan Weal,C,49,8,7,-8,14,86,667,21,32,96,97,wealjo01
Shea Weber,D,65,15,21,8,33,185,1561,114,112,0,0,webersh01
Yannick Weber,D,41,1,2,-1,14,45,574,38,37,0,0,weberya01
Anton Wedin,F,4,0,0,1,4,2,36,1,5,0,0,wedinan01
MacKenzie Weegar,D,45,7,11,6,33,77,905,71,76,0,0,weegama01
Dale Weise,RW,23,1,4,1,16,15,213,10,70,0,0,weiseda01
Alexander Wennberg,C,57,5,17,-5,16,72,951,31,21,309,364,wennbal01
Zach Werenski,D,63,20,21,9,10,187,1511,58,36,0,0,werenza01
Blake Wheeler,RW,71,22,43,1,37,180,1372,51,102,325,327,wheelbl01
Colin White,C,61,7,16,-12,39,83,958,30,47,275,305,whiteco02
Colton White,D,6,0,0,-2,4,2,84,4,3,0,0,whiteco03
Zach Whitecloud,D,16,0,1,3,4,9,229,16,10,0,0,whiteza01
Justin Williams,RW,20,8,3,2,6,60,272,7,20,3,7,williju01
Colin Wilson,C,9,0,4,6,0,12,114,2,8,3,4,wilsoco01
Scott Wilson,C,6,1,1,1,2,8,70,0,3,0,0,wilsosc01
Tom Wilson,RW,68,21,23,-3,93,154,1242,58,253,18,39,wilsoto01
Luke Witkowski,D,12,1,2,-4,13,10,106,3,38,0,0,witkolu01
Christian Wolanin,D,3,0,0,1,0,4,53,4,0,0,0,wolanch01
Miles Wood,LW,68,11,12,-19,57,141,900,26,102,0,1,woodmi01
Kailer Yamamoto,RW,27,11,15,17,12,44,469,13,45,1,0,yamamka01
Keith Yandle,D,69,5,40,0,20,129,1359,51,18,0,1,yandlke01
Alexander Yelesin,D,4,0,0,0,0,2,50,0,13,0,0,yelesal01
Danil Yurtaykin,F,4,0,0,-1,0,2,52,2,3,0,0,yurtada01
Pavel Zacha,C,65,8,24,-12,14,97,1057,19,62,283,371,zachapa01
Filip Zadina,RW,28,8,7,-13,2,60,425,10,11,1,0,zadinfi01
Nikita Zadorov,D,64,4,9,6,65,65,1137,66,175,0,0,zadorni01
Nikita Zaitsev,D,58,1,11,-8,22,64,1285,121,108,0,0,zaitsni01
Travis Zajac,C,69,9,16,-12,28,72,1180,39,58,576,514,zajactr01
Mika Zibanejad,C,57,41,34,9,14,208,1233,49,51,592,612,zibanmi01
Mats Zuccarello,LW,65,15,22,-9,18,96,1036,36,13,9,5,zuccama01
Jason Zucker,LW,60,20,21,-4,21,111,980,23,53,12,29,zuckeja01
Valentin Zykov,LW,15,1,3,-2,6,19,183,3,20,0,1,zykovva01